{"cameraMode":{"drawMode":0,"name":"Shaded","section":"Shading Mode"},"sceneLighting":true,"audioPlay":false,"sceneViewState":{"showFog":true,"showMaterialUpdate":false,"showSkybox":true,"showFlares":true,"showImageEffects":true,"showParticleSystems":true},"in2DMode":false,"pivot":{"x":-62.16087341308594,"y":49.93329620361328,"z":-38.457645416259769},"rotation":{"x":-0.016527043655514718,"y":-0.6322214007377625,"z":0.013449273072183133,"w":-0.7745192050933838},"size":11.39050006866455,"orthographic":false}