{"cameraMode":{"drawMode":2,"name":"Shaded Wireframe","section":"Shading Mode"},"sceneLighting":true,"audioPlay":false,"sceneViewState":{"showFog":true,"showMaterialUpdate":false,"showSkybox":true,"showFlares":true,"showImageEffects":true,"showParticleSystems":true},"in2DMode":false,"pivot":{"x":4.070676803588867,"y":11.982059478759766,"z":19.097354888916017},"rotation":{"x":0.030728064477443696,"y":0.9301619529724121,"z":-0.07906410098075867,"w":0.3580159842967987},"size":22.943445205688478,"orthographic":false}